step,tokens,holdout_loss
0,0,10.825845
250,32768000,4.557592
500,65536000,4.192656
750,98304000,4.056428
1000,131072000,3.956937
1250,163840000,3.892906
1500,196608000,3.845695
1750,229376000,3.810725
2000,262144000,3.791378
2250,294912000,3.761053
2500,327680000,3.734529
2750,360448000,3.714411
3000,393216000,3.693508
3250,425984000,3.669639
3500,458752000,3.659414
3750,491520000,3.643283
4000,524288000,3.631418
4250,557056000,3.619295
4500,589824000,3.602191
4750,622592000,3.597101
5000,655360000,3.583003
5250,688128000,3.571004
5500,720896000,3.558337
5750,753664000,3.551590
6000,786432000,3.542707
6250,819200000,3.530087
6500,851968000,3.514215
6750,884736000,3.505162
7000,917504000,3.499432
7250,950272000,3.493395
7500,983040000,3.477046
7750,1015808000,3.467547
8000,1048576000,3.460372
8250,1081344000,3.450738
8500,1114112000,3.441388
8750,1146880000,3.436055
9000,1179648000,3.424829
9250,1212416000,3.417365
9500,1245184000,3.405349
9750,1277952000,3.395522
10000,1310720000,3.385233
10250,1343488000,3.375237
10500,1376256000,3.364418
10750,1409024000,3.355518
11000,1441792000,3.343409
11250,1474560000,3.333622
11500,1507328000,3.323864
11750,1540096000,3.310985
12000,1572864000,3.300370
12250,1605632000,3.290695
12500,1638400000,3.282953
12750,1671168000,3.275722
13000,1703936000,3.272244
