anchor,arm,rank,loss,control,penalty
1000,control (128K),0,3.77053,3.77053,0.0
1000,fully scaled,0,3.839267,3.77053,68.74
1000,top-16 held,16,3.82944,3.77053,58.91
1000,top-64 held,64,3.826386,3.77053,55.86
1000,top-128 held,128,3.824202,3.77053,53.67
1000,top-256 held,256,3.812715,3.77053,42.18
1000,top-768 held,768,3.812125,3.77053,41.59
1000,random-768 held,768,3.840902,3.77053,70.37
2000,control (128K),0,3.689329,3.689329,0.0
2000,fully scaled,0,3.740225,3.689329,50.9
2000,top-16 held,16,3.741446,3.689329,52.12
2000,top-64 held,64,3.735111,3.689329,45.78
2000,top-128 held,128,3.728681,3.689329,39.35
2000,top-256 held,256,3.72795,3.689329,38.62
2000,top-768 held,768,3.719793,3.689329,30.46
2000,random-768 held,768,3.740108,3.689329,50.78
3000,control (128K),0,3.622518,3.622518,0.0
3000,fully scaled,0,3.658636,3.622518,36.12
3000,top-16 held,16,3.656781,3.622518,34.26
3000,top-64 held,64,3.65013,3.622518,27.61
3000,top-128 held,128,3.651077,3.622518,28.56
3000,top-256 held,256,3.644402,3.622518,21.88
3000,top-768 held,768,3.64079,3.622518,18.27
3000,random-768 held,768,3.65851,3.622518,35.99
4000,control (128K),0,3.575381,3.575381,0.0
4000,fully scaled,0,3.615659,3.575381,40.28
4000,top-16 held,16,3.604685,3.575381,29.3
4000,top-64 held,64,3.602708,3.575381,27.33
4000,top-128 held,128,3.600901,3.575381,25.52
4000,top-256 held,256,3.598575,3.575381,23.19
4000,top-768 held,768,3.594392,3.575381,19.01
4000,random-768 held,768,3.615045,3.575381,39.66
5000,control (128K),0,3.530505,3.530505,0.0
5000,fully scaled,0,3.55927,3.530505,28.76
5000,top-16 held,16,3.551674,3.530505,21.17
5000,top-64 held,64,3.54894,3.530505,18.44
5000,top-128 held,128,3.547537,3.530505,17.03
5000,top-256 held,256,3.545313,3.530505,14.81
5000,top-768 held,768,3.542199,3.530505,11.69
5000,random-768 held,768,3.559137,3.530505,28.63
6000,control (128K),0,3.491998,3.491998,0.0
6000,fully scaled,0,3.517049,3.491998,25.05
6000,top-16 held,16,3.513867,3.491998,21.87
6000,top-64 held,64,3.508727,3.491998,16.73
6000,top-128 held,128,3.506097,3.491998,14.1
6000,top-256 held,256,3.504508,3.491998,12.51
6000,top-768 held,768,3.502153,3.491998,10.15
6000,random-768 held,768,3.516589,3.491998,24.59
7000,control (128K),0,3.454349,3.454349,0.0
7000,fully scaled,0,3.479734,3.454349,25.39
7000,top-16 held,16,3.47511,3.454349,20.76
7000,top-64 held,64,3.471043,3.454349,16.69
7000,top-256 held,256,3.46834,3.454349,13.99
7000,top-768 held,768,3.46689,3.454349,12.54
7000,random-768 held,768,3.479823,3.454349,25.47
8000,control (128K),0,3.41469,3.41469,0.0
8000,fully scaled,0,3.435304,3.41469,20.61
8000,top-16 held,16,3.432754,3.41469,18.06
8000,top-64 held,64,3.4303,3.41469,15.61
8000,top-128 held,128,3.428916,3.41469,14.23
8000,top-256 held,256,3.427691,3.41469,13.0
8000,top-768 held,768,3.426431,3.41469,11.74
8000,random-768 held,768,3.435287,3.41469,20.6
9000,control (128K),0,3.377465,3.377465,0.0
9000,fully scaled,0,3.394081,3.377465,16.62
9000,top-16 held,16,3.390931,3.377465,13.47
9000,top-64 held,64,3.390011,3.377465,12.55
9000,top-256 held,256,3.388348,3.377465,10.88
9000,top-768 held,768,3.388272,3.377465,10.81
9000,random-768 held,768,3.394059,3.377465,16.59
10000,control (128K),0,3.337106,3.337106,0.0
10000,fully scaled,0,3.349669,3.337106,12.56
10000,top-16 held,16,3.348595,3.337106,11.49
10000,top-64 held,64,3.348423,3.337106,11.32
10000,top-128 held,128,3.34838,3.337106,11.27
10000,top-256 held,256,3.34831,3.337106,11.2
10000,top-768 held,768,3.348238,3.337106,11.13
10000,random-768 held,768,3.349667,3.337106,12.56
11000,control (128K),0,3.293021,3.293021,0.0
11000,fully scaled,0,3.307274,3.293021,14.25
11000,top-16 held,16,3.307323,3.293021,14.3
11000,top-64 held,64,3.307133,3.293021,14.11
11000,top-256 held,256,3.307124,3.293021,14.1
11000,top-768 held,768,3.307094,3.293021,14.07
11000,random-768 held,768,3.307332,3.293021,14.31
12000,control (128K),0,3.265295,3.265295,0.0
12000,fully scaled,0,3.278239,3.265295,12.94
12000,top-16 held,16,3.278243,3.265295,12.95
12000,top-64 held,64,3.278235,3.265295,12.94
12000,top-128 held,128,3.278245,3.265295,12.95
12000,top-256 held,256,3.278249,3.265295,12.95
12000,top-768 held,768,3.278245,3.265295,12.95
12000,random-768 held,768,3.278242,3.265295,12.95
