family,optimizer,batch,steps,loss,n,min,max
standard_wd,Muon,131072,13000,3.265595,2,3.26522,3.26597
standard_wd,Muon,524288,3250,3.27735,3,3.27733,3.27745
standard_wd,Muon,1048576,1625,3.310845,4,3.31065,3.31142
standard_wd,Muon,2097152,813,3.36592,3,3.36537,3.36609
standard_wd,SOAP,131072,13000,3.253625,2,3.25355,3.2537
standard_wd,SOAP,524288,3250,3.276055,2,3.27594,3.27617
standard_wd,SOAP,1048576,1625,3.29741,2,3.29722,3.2976
standard_wd,SOAP,2097152,813,3.3833,2,3.38303,3.38357
standard_wd,Shampoo,131072,13000,3.26497,3,3.26437,3.26555
standard_wd,Shampoo,524288,3250,3.28085,2,3.28043,3.28127
standard_wd,Shampoo,1048576,1625,3.308955,2,3.30793,3.30998
standard_wd,Shampoo,2097152,813,3.36217,3,3.36069,3.36332
standard_wd,Adam,131072,13000,3.315085,2,3.31451,3.31566
standard_wd,Adam,524288,3250,3.339235,2,3.33876,3.339711
standard_wd,Adam,1048576,1625,3.40281,2,3.40136,3.40426
standard_wd,Adam,2097152,813,3.478075,2,3.47769,3.47846
standard_wd,Lion,131072,13000,3.317639,1,3.317639,3.317639
standard_wd,Lion,524288,3250,3.390685,4,3.38805,3.39106
standard_wd,Lion,1048576,1625,3.44519,3,3.44204,3.44601
standard_wd,Lion,2097152,813,3.55617,6,3.55521,3.56342
hyperball,Muon,131072,13000,3.262928,1,,
hyperball,Muon,524288,3250,3.277232,1,,
hyperball,Muon,1048576,1625,3.307433,1,,
hyperball,Muon,2097152,813,3.371513,1,,
hyperball,SOAP,131072,13000,3.25851,1,,
hyperball,SOAP,524288,3250,3.27072,1,,
hyperball,SOAP,1048576,1625,3.296205,1,,
hyperball,SOAP,2097152,813,3.350515,1,,
hyperball,Shampoo,131072,13000,3.266042,1,,
hyperball,Shampoo,524288,3250,3.276506,1,,
hyperball,Shampoo,1048576,1625,3.29652,1,,
hyperball,Shampoo,2097152,813,3.339006,1,,
hyperball,Adam,131072,13000,3.301331,1,,
hyperball,Adam,524288,3250,3.3325,1,,
hyperball,Adam,1048576,1625,3.371598,1,,
hyperball,Adam,2097152,813,3.486105,1,,
hyperball,Lion,131072,13000,3.294817,1,,
hyperball,Lion,524288,3250,3.335951,1,,
hyperball,Lion,1048576,1625,3.40535,1,,
hyperball,Lion,2097152,813,3.554005,2,3.5515,3.55651
