cnr,batch,updates,processedSamples,eta,loss,loss_se,coarse_loss,selection_loss,selection_near5_eta_min,selection_near5_eta_max,refined_candidates,c,beta,source
0.001412537544622754,1,4096,4096,0.002861156521159719,0.09399708277949564,0.0015933695069713383,0.08879138919522359,0.09612227129088054,0.0023130379118463007,0.0034945534123279475,55,707.945784384138,0.9,supplemental_computation
0.001995262314968879,1,4096,4096,0.002687507193518131,0.07299363246975483,0.0012091498035590037,0.06889083683928804,0.07453116220444564,0.002227876077099332,0.0032419643935561997,55,501.18723362727246,0.9,supplemental_computation
0.002818382931264455,1,4096,4096,0.0025353214657916883,0.056335528046633616,0.0009003908499718708,0.053163756556507354,0.057326930795740395,0.0021279719005955497,0.0029825750355782776,55,354.8133892335753,0.9,supplemental_computation
0.003981071705534973,1,4096,4096,0.0022937671620776416,0.04301223581305093,0.0006766012976357735,0.04051142529116665,0.043750458231554,0.0019741604486231456,0.0027328542834216827,55,251.18864315095794,0.9,supplemental_computation
0.005623413251903491,1,4096,4096,0.002110243002248883,0.03271271589604825,0.0004968046930915496,0.030847526412517954,0.033245050527280225,0.0018010765196227081,0.0024518808012481993,55,177.82794100389228,0.9,supplemental_computation
0.007943282347242814,1,4096,4096,0.0019174504320043607,0.024744063121028174,0.00036656612266786347,0.02339329873020556,0.02510441874863472,0.0016708933181814472,0.002255705979544954,55,125.89254117941674,0.9,supplemental_computation
0.011220184543019636,1,4096,4096,0.0017347641690359757,0.0186704104247857,0.0002731211320567731,0.01757318412979924,0.01894034608672499,0.0015116979350714259,0.0020325477059837133,55,89.12509381337455,0.9,supplemental_computation
0.015848931924611134,1,4096,4096,0.0015959658019275246,0.014070262633652686,0.00020365347855026868,0.013179095660042335,0.0142411439604205,0.0013907470826764682,0.0018314666071564242,55,63.09573444801933,0.9,supplemental_computation
0.02238721138568339,1,4096,4096,0.0014142135623730955,0.010572962611224727,0.00016087355525191185,0.009853210317580657,0.010719425009257875,0.0012531596839885323,0.0016431676725154989,55,44.668359215096324,0.9,supplemental_computation
0.03162277660168379,1,4096,4096,0.001301062428228394,0.007966554656277667,0.00011604495593229941,0.007405854250835831,0.00807925811316723,0.0011625803344709887,0.0014930472747274849,55,31.622776601683796,0.9,supplemental_computation
0.0446683592150963,1,4096,4096,0.0011528944600645167,0.005999277565408259,9.405174831292214e-05,0.005590738435088278,0.0061061362185609825,0.0010695623583465213,0.0013395423131293996,55,22.3872113856834,0.9,supplemental_computation
0.0630957344480193,1,4096,4096,0.0010695623583465213,0.004553741454354475,7.170008419955573e-05,0.0042455971524177905,0.00464841357737525,0.0009557205998156743,0.0012273870412619796,55,15.84893192461114,0.9,supplemental_computation
0.08912509381337455,1,4096,4096,0.0009839867443760886,0.0034859989561579186,5.8573049723695e-05,0.0032013054346187913,0.003559699583879557,0.0008902368053215565,0.001110446990014041,55,11.220184543019634,0.9,supplemental_computation
0.12589254117941676,1,4096,4096,0.000928266432584098,0.0027120408504940612,4.7110185283292006e-05,0.002462155016839705,0.002770793651894627,0.0008398252803241593,0.0010388379564069711,55,7.943282347242813,0.9,supplemental_computation
0.1778279410038923,1,4096,4096,0.0008719280810474439,0.002135572108948574,4.126169452295317e-05,0.0019309897567960743,0.002178807147913349,0.0008089044461376569,0.0009757887973258332,55,5.62341325190349,0.9,supplemental_computation
0.25118864315095796,1,4096,4096,0.0008225533259363266,0.0017099975048646219,4.212723619030155e-05,0.0015127637100790874,0.0017444645572791545,0.0007726309148616955,0.0009320317063275872,55,3.981071705534973,0.9,supplemental_computation
0.3548133892335753,1,4096,4096,0.0008225533259363266,0.0014019748674473536,3.3308889357540365e-05,0.0012106134942600464,0.001419021495860528,0.0007726309148616955,0.0008977159998073042,55,2.818382931264455,0.9,supplemental_computation
0.501187233627272,1,4096,4096,0.0008021651726097838,0.0011582457506936323,3.4025251976745256e-05,0.000990387950955753,0.001168284233603645,0.0007726309148616955,0.0008866403769534996,55,1.9952623149688806,0.9,supplemental_computation
0.707945784384138,1,4096,4096,0.0008021651726097838,0.0009676371406532362,2.9367758658760825e-05,0.0008165351976795373,0.000972243288726769,0.0007726309148616955,0.0008866403769534996,55,1.4125375446227542,0.9,supplemental_computation
0.001412537544622754,2,2048,4096,0.0038950120481650373,0.0918356264228814,0.0011884855223043816,0.11661052274477766,0.0940468393122391,0.00322886732472741,0.004818009711180036,55,707.945784384138,0.9,supplemental_computation
0.001995262314968879,2,2048,4096,0.0037203488453306727,0.07130628053903364,0.0008507054176040913,0.09065785479339877,0.07315060647482004,0.0031226011809925066,0.004487890680724458,55,501.18723362727246,0.9,supplemental_computation
0.002818382931264455,2,2048,4096,0.0035833723902780066,0.05495313270112974,0.0005760562179599904,0.06921232195142248,0.05638781283974666,0.0029705258623653847,0.004198481535154358,55,354.8133892335753,0.9,supplemental_computation
0.003981071705534973,2,2048,4096,0.0032966670009290404,0.04207125368941371,0.0004067080552532006,0.05288666359375783,0.04320288563332073,0.0027669922091741552,0.0038303809177769174,55,251.18864315095794,0.9,supplemental_computation
0.005623413251903491,2,2048,4096,0.003032900890931771,0.032085021492773584,0.0002856770413459606,0.04038264788713017,0.032948663161951934,0.002545605344440489,0.003523912392382916,55,177.82794100389228,0.9,supplemental_computation
0.007943282347242814,2,2048,4096,0.0027100858926485355,0.024370066484098313,0.00019506354991904974,0.030410812278169552,0.02495283338088267,0.0023616070246941035,0.00322886732472741,55,125.89254117941674,0.9,supplemental_computation
0.011220184543019636,2,2048,4096,0.0024932520985586457,0.018508182114069106,0.0001385318437724111,0.022984269778806028,0.01885558704989312,0.0021726550019176916,0.0029212350150052933,55,89.12509381337455,0.9,supplemental_computation
0.015848931924611134,2,2048,4096,0.0022937671620776416,0.014033776752190984,0.00010016847697417979,0.017451994637307504,0.014311894620978968,0.0019988210180605284,0.00263223557601514,55,63.09573444801933,0.9,supplemental_computation
0.02238721138568339,2,2048,4096,0.002075227092428214,0.010673188123408256,7.809389339030211e-05,0.01332742697926106,0.010853139320192233,0.0018543446915945604,0.002381447721159372,55,44.668359215096324,0.9,supplemental_computation
0.03162277660168379,2,2048,4096,0.001909188309203679,0.008167677591155284,6.769983051539847e-05,0.010230502772440102,0.008278388386330951,0.0017493385368104468,0.0021909082455632465,55,31.622776601683796,0.9,supplemental_computation
0.0446683592150963,2,2048,4096,0.0018010765196227081,0.006318750807277058,6.09821685436462e-05,0.008048296399796618,0.0063811297748771955,0.0016228949967135157,0.0020325477059837133,55,22.3872113856834,0.9,supplemental_computation
0.0630957344480193,2,2048,4096,0.0017347641690359757,0.004983268554646905,5.5390623807011116e-05,0.006300037635432137,0.004998126159065742,0.0015501198590542142,0.0019174504320043607,55,15.84893192461114,0.9,supplemental_computation
0.08912509381337455,2,2048,4096,0.0016294778523518005,0.003971390973001939,5.866052050025348e-05,0.005026973002299657,0.0039754887302687605,0.0014930472747274849,0.0018010765196227081,55,11.220184543019634,0.9,supplemental_computation
0.12589254117941676,2,2048,4096,0.001609374075494586,0.003256806315354168,5.2059210784862476e-05,0.004069325153113924,0.003212743487396694,0.0014930472747274849,0.0017347641690359757,55,7.943282347242813,0.9,supplemental_computation
0.1778279410038923,2,2048,4096,0.0015959658019275246,0.0027022587161403397,4.593613184157998e-05,0.0033359704116494673,0.0026493514597362463,0.0014806081615263173,0.0017640353490069418,55,5.62341325190349,0.9,supplemental_computation
0.25118864315095796,2,2048,4096,0.0015959658019275246,0.0022698777419182864,4.246242927631578e-05,0.002754022536946938,0.0021883515172126055,0.0014806081615263173,0.0017640353490069418,55,3.981071705534973,0.9,supplemental_computation
0.3548133892335753,2,2048,4096,0.0015959658019275246,0.001912661969545194,4.1162388292621285e-05,0.002279348155822935,0.0018288115186528633,0.0014806081615263173,0.0017640353490069418,55,2.818382931264455,0.9,supplemental_computation
0.501187233627272,2,2048,4096,0.0015959658019275246,0.0016161476237895262,4.007075584367862e-05,0.0019064258843562191,0.0015377876036734579,0.0014930472747274849,0.0017347641690359757,55,1.9952623149688806,0.9,supplemental_computation
0.707945784384138,2,2048,4096,0.001609374075494586,0.0013677263278148596,3.574881978265401e-05,0.0015899882017144282,0.0012955502016562435,0.0015501198590542142,0.0017347641690359757,55,1.4125375446227542,0.9,supplemental_computation
0.001,3,1365,4095,0.005237023627278232,0.11487497365722515,0.0025332101497422444,0.11408699270269991,0.11885987007095486,0.004198481535154358,0.006396385046327078,55,1000.0,0.9,supplemental_computation
0.001412537544622754,3,1365,4095,0.005044205974602474,0.09015738265651536,0.0018696486949045345,0.08998516912068062,0.09325563987009124,0.004077875351498754,0.006034176336545162,55,707.945784384138,0.9,supplemental_computation
0.001995262314968879,3,1365,4095,0.004738062997279317,0.07001080827808136,0.0014359088682512227,0.07040800177983436,0.07244077202857846,0.0038950120481650373,0.005598021411979766,55,501.18723362727246,0.9,supplemental_computation
0.002818382931264455,3,1365,4095,0.0043589708883820045,0.05392130567428844,0.0011067786911550391,0.05471167755030886,0.055846243731244374,0.0037203488453306727,0.005193392102115176,55,354.8133892335753,0.9,supplemental_computation
0.003981071705534973,3,1365,4095,0.004112135025621617,0.04140027787047665,0.0008371989614255763,0.042256613636798585,0.04274853615527611,0.0034945534123279475,0.00477786914147662,55,251.18864315095794,0.9,supplemental_computation
0.005623413251903491,3,1365,4095,0.0037203488453306727,0.03152457405168459,0.0006431054728410693,0.03291166065132506,0.03272768870921976,0.0032419643935561997,0.004322654736014306,55,177.82794100389228,0.9,supplemental_computation
0.007943282347242814,3,1365,4095,0.0035096762942809752,0.024070660816722437,0.00048611776016159155,0.025127617850074956,0.024936613986135822,0.0029825750355782776,0.003976799414788822,55,125.89254117941674,0.9,supplemental_computation
0.011220184543019636,3,1365,4095,0.0031488352587058315,0.018304920080503648,0.00036549334568714074,0.01923263658001367,0.019026127592999667,0.0028136804728463357,0.003613477570002706,55,89.12509381337455,0.9,supplemental_computation
0.015848931924611134,3,1365,4095,0.0029705258623653847,0.014066940910074911,0.00027079450684965105,0.014775143518550105,0.014557674470171552,0.002588558083205887,0.003324363467203302,55,63.09573444801933,0.9,supplemental_computation
0.02238721138568339,3,1365,4095,0.002687507193518131,0.010833483313301048,0.00021301623368754976,0.011291219760344896,0.01123991697145565,0.0024014551063379253,0.0030840759090680404,55,44.668359215096324,0.9,supplemental_computation
0.03,3,1365,4095,0.0025669918759130355,0.008781916004759732,0.00016106210453166784,0.009122192790688717,0.00906723378040059,0.0022937671620776416,0.0028727620658039925,55,33.333333333333336,0.9,supplemental_computation
0.03162277660168379,3,1365,4095,0.0025353214657916883,0.008464501538858585,0.00015612148667326772,0.00872985288444206,0.008736513414859195,0.0022937671620776416,0.0028373191983532718,55,31.622776601683796,0.9,supplemental_computation
0.0446683592150963,3,1365,4095,0.0024419755562437337,0.006729126312601099,0.00011113973505258955,0.006902796778499134,0.006896238778772931,0.0021545538326021582,0.0026651166056412467,55,22.3872113856834,0.9,supplemental_computation
0.0630957344480193,3,1365,4095,0.0022937671620776416,0.005457950365929573,8.701273544250608e-05,0.005554837286123653,0.005579307020381315,0.002110243002248883,0.002588558083205887,55,15.84893192461114,0.9,supplemental_computation
0.08912509381337455,3,1365,4095,0.0022746569638480425,0.00450925615429994,7.479505785521174e-05,0.004475131288914514,0.004605856305979949,0.002110243002248883,0.002545605344440489,55,11.220184543019634,0.9,supplemental_computation
0.12589254117941676,3,1365,4095,0.0022465932525420522,0.003766716814225006,7.295273151978007e-05,0.003720430329624986,0.0038656972960338077,0.002110243002248883,0.002514198791882994,55,7.943282347242813,0.9,supplemental_computation
0.1778279410038923,3,1365,4095,0.0022465932525420522,0.003180858535118243,6.847643039910996e-05,0.00311296351498652,0.003255196641336156,0.002110243002248883,0.002514198791882994,55,5.62341325190349,0.9,supplemental_computation
0.25118864315095796,3,1365,4095,0.0022746569638480425,0.002701773774428726,6.057705106767882e-05,0.0026195338974660805,0.0027680500101732366,0.002110243002248883,0.002545605344440489,55,3.981071705534973,0.9,supplemental_computation
0.3548133892335753,3,1365,4095,0.00233247056200432,0.00229811890181127,4.9683076328587777e-05,0.002220962340825099,0.0023575498455330403,0.002110243002248883,0.002545605344440489,55,2.818382931264455,0.9,supplemental_computation
0.501187233627272,3,1365,4095,0.002381447721159372,0.0019576885356615142,4.3570283797389985e-05,0.0018756445707361982,0.002022612000934624,0.0021545538326021582,0.002588558083205887,55,1.9952623149688806,0.9,supplemental_computation
0.707945784384138,3,1365,4095,0.002381447721159372,0.0016656141261360764,4.6894005658747744e-05,0.0015663575638577617,0.0017140666157840511,0.002209314841169094,0.002588558083205887,55,1.4125375446227542,0.9,supplemental_computation
1.0,3,1365,4095,0.0024419755562437337,0.0014232417151204696,3.9994109597820975e-05,0.0013102286150735861,0.0014561372263463747,0.0022937671620776416,0.00263223557601514,55,1.0,0.9,supplemental_computation
0.001412537544622754,4,1024,4096,0.005346990519838528,0.09012771680886417,0.0021811772347955353,0.09554846153684736,0.08932165252374724,0.004432521070959809,0.006450123340993439,55,707.945784384138,0.9,supplemental_computation
0.001995262314968879,4,1024,4096,0.005150124086862242,0.06995810053851632,0.001712412015933255,0.07421634729747949,0.06981961604120247,0.004322654736014306,0.006135992747488047,55,501.18723362727246,0.9,supplemental_computation
0.002818382931264455,4,1024,4096,0.004837552726875309,0.053984495097316065,0.0013324499661483008,0.05767559122777754,0.05423511763960828,0.004112135025621617,0.0056924784541277145,55,354.8133892335753,0.9,supplemental_computation
0.003981071705534973,4,1024,4096,0.004450500451254205,0.04145650710485465,0.0010433471994580525,0.04420207348964949,0.04202373609097466,0.0038303809177769174,0.005237023627278232,55,251.18864315095794,0.9,supplemental_computation
0.005623413251903491,4,1024,4096,0.004198481535154358,0.03159596325907485,0.0008059688587776455,0.03382028972295266,0.03236305703692105,0.003613477570002706,0.004818009711180036,55,177.82794100389228,0.9,supplemental_computation
0.007943282347242814,4,1024,4096,0.0037516048127347666,0.024333738332774503,0.0006388918435385225,0.025841490025509527,0.02487085160557492,0.0033522926212934292,0.0043589708883820045,55,125.89254117941674,0.9,supplemental_computation
0.011220184543019636,4,1024,4096,0.0034945534123279475,0.01862890759637574,0.0004927387383613358,0.019680910963913136,0.019156353566945075,0.0030840759090680404,0.0040102099141932695,55,89.12509381337455,0.9,supplemental_computation
0.015848931924611134,4,1024,4096,0.003201966471121708,0.014408946108397104,0.00039797642239013917,0.01511041463101725,0.014875541650617271,0.002896897156684298,0.0037203488453306727,55,63.09573444801933,0.9,supplemental_computation
0.02238721138568339,4,1024,4096,0.003058381364760397,0.011145812384704397,0.0003154681143634223,0.011583434725117591,0.011641593078070944,0.0027669922091741552,0.0035096762942809752,55,44.668359215096324,0.9,supplemental_computation
0.03162277660168379,4,1024,4096,0.0029457773442880157,0.00875052586430583,0.0002493441727755338,0.009101438277504675,0.00925098687693801,0.00263223557601514,0.0032966670009290404,55,31.622776601683796,0.9,supplemental_computation
0.0446683592150963,4,1024,4096,0.0028136804728463357,0.007005974756161194,0.00020995393040717898,0.007107852214830472,0.00752612541170474,0.002588558083205887,0.0031488352587058315,55,22.3872113856834,0.9,supplemental_computation
0.0630957344480193,4,1024,4096,0.0027100858926485355,0.0057162625529667355,0.00018647903073685046,0.005635947634095575,0.006202369699791964,0.002514198791882994,0.0031099863223365614,55,15.84893192461114,0.9,supplemental_computation
0.08912509381337455,4,1024,4096,0.0027100858926485355,0.004685586162584586,0.00014751504539920775,0.004485202730959743,0.005187566662406577,0.002514198791882994,0.0031099863223365614,55,11.220184543019634,0.9,supplemental_computation
0.12589254117941676,4,1024,4096,0.0028136804728463357,0.003889447806791597,0.00010624539961764229,0.0036183869504497965,0.004362020182685425,0.002514198791882994,0.0031488352587058315,55,7.943282347242813,0.9,supplemental_computation
0.1778279410038923,4,1024,4096,0.0028136804728463357,0.0032582298015801777,9.109695760989067e-05,0.002913680923600442,0.003694235249422713,0.002588558083205887,0.0031488352587058315,55,5.62341325190349,0.9,supplemental_computation
0.25118864315095796,4,1024,4096,0.0029212350150052933,0.0027597089484120555,6.459883813260776e-05,0.0023869085686452464,0.0031362739207874504,0.002588558083205887,0.0032692012838648602,55,3.981071705534973,0.9,supplemental_computation
0.3548133892335753,4,1024,4096,0.0029212350150052933,0.0023276089491796985,5.301108663238596e-05,0.001947360289223981,0.0026479220277951247,0.0027100858926485355,0.0032966670009290404,55,2.818382931264455,0.9,supplemental_computation
0.501187233627272,4,1024,4096,0.003032900890931771,0.002002135759117793,4.3580906753027684e-05,0.0016302648758329513,0.0022405417980725165,0.0027100858926485355,0.0033941683690420425,55,1.9952623149688806,0.9,supplemental_computation
0.707945784384138,4,1024,4096,0.0031099863223365614,0.0017211093471207325,3.397708673901264e-05,0.0013729728888931389,0.001890606614134318,0.0028136804728463357,0.0033941683690420425,55,1.4125375446227542,0.9,supplemental_computation
0.001,6,682,4092,0.007340235990466873,0.11561261719388476,0.002155345871728035,0.11508831744836506,0.1257526148676701,0.0058608377203426,0.009079645414982329,55,1000.0,0.9,supplemental_computation
0.001412537544622754,6,682,4092,0.007069981896825614,0.09105544285069489,0.0016999599974854257,0.09151595230634244,0.09853936215944668,0.0058608377203426,0.008672488792828031,55,707.945784384138,0.9,supplemental_computation
0.001995262314968879,6,682,4092,0.006669629353555698,0.0710541178372659,0.0013565524446515452,0.0716746031636948,0.07642643946088468,0.005598021411979766,0.008045634606893545,55,501.18723362727246,0.9,supplemental_computation
0.002818382931264455,6,682,4092,0.006264836171393786,0.055141842989915035,0.0010260971657962456,0.05540536070030086,0.05907575947828547,0.005258266265022801,0.007557328906172684,55,354.8133892335753,0.9,supplemental_computation
0.003981071705534973,6,682,4092,0.0059100766923754575,0.042596066012005364,0.0007780704871000199,0.0431123198141418,0.04538547011047292,0.005022470941196408,0.006952667517264028,55,251.18864315095794,0.9,supplemental_computation
0.005623413251903491,6,682,4092,0.005551382284589184,0.032959473410333284,0.0006047633960003819,0.03307571783271979,0.03485644961855705,0.004738062997279317,0.006450123340993439,55,177.82794100389228,0.9,supplemental_computation
0.007943282347242814,6,682,4092,0.005107216552987782,0.025405584715099946,0.00044080448210302036,0.025433102377387107,0.026891362271110008,0.004450500451254205,0.0059340493965589595,55,125.89254117941674,0.9,supplemental_computation
0.011220184543019636,6,682,4092,0.004738062997279317,0.019740403153611707,0.0003464481866209525,0.01973825424914209,0.020749666086022984,0.004198481535154358,0.005505131724523318,55,89.12509381337455,0.9,supplemental_computation
0.015848931924611134,6,682,4092,0.004525595038746129,0.015529150693321944,0.0002607665733565777,0.015141826940000979,0.01620732113372025,0.004043901107028295,0.005193392102115176,55,63.09573444801933,0.9,supplemental_computation
0.02238721138568339,6,682,4092,0.0043589708883820045,0.012403384044236842,0.00020130007652275264,0.01208737726188794,0.012849043773472778,0.003798468638342554,0.0048781947195036535,55,44.668359215096324,0.9,supplemental_computation
0.03,6,682,4092,0.004198481535154358,0.010369476876357113,0.00018032111882727918,0.009891486989360041,0.010709752100102193,0.0037203488453306727,0.004738062997279317,55,33.333333333333336,0.9,supplemental_computation
0.03162277660168379,6,682,4092,0.004163502477241855,0.010060621730013361,0.00018024824565623856,0.009530417401972876,0.010375754139961248,0.0037203488453306727,0.004738062997279317,55,31.622776601683796,0.9,supplemental_computation
0.0446683592150963,6,682,4092,0.004112135025621617,0.008342808874230886,0.00016446573572846462,0.007703294226338205,0.008501563099066089,0.0037203488453306727,0.004601956719036346,55,22.3872113856834,0.9,supplemental_computation
0.0630957344480193,6,682,4092,0.004112135025621617,0.006980897804320084,0.00015413135367557505,0.006244403234417132,0.007120958995749412,0.0037203488453306727,0.004487890680724458,55,15.84893192461114,0.9,supplemental_computation
0.08912509381337455,6,682,4092,0.004112135025621617,0.005885506250105646,0.0001457897586567581,0.00518598839354987,0.006042809256266198,0.0037203488453306727,0.004601956719036346,55,11.220184543019634,0.9,supplemental_computation
0.12589254117941676,6,682,4092,0.004112135025621617,0.004998572932961989,0.0001465419503446859,0.004371738429868743,0.005157979784559762,0.003862561303565621,0.004601956719036346,55,7.943282347242813,0.9,supplemental_computation
0.1778279410038923,6,682,4092,0.004269323734234694,0.004269849297078049,0.00011704738170691814,0.0036566396878083256,0.004409881523171864,0.003862561303565621,0.004738062997279317,55,5.62341325190349,0.9,supplemental_computation
0.25118864315095796,6,682,4092,0.004322654736014306,0.003637791386516422,0.00010837780287473173,0.0030989567169512804,0.003751807119575677,0.00396073371839891,0.004837552726875309,55,3.981071705534973,0.9,supplemental_computation
0.3548133892335753,6,682,4092,0.004487890680724458,0.0031145259494855986,8.769642694493764e-05,0.002625312152938992,0.003163792455005938,0.0040102099141932695,0.004837552726875309,55,2.818382931264455,0.9,supplemental_computation
0.501187233627272,6,682,4092,0.004432521070959809,0.0026495820065692306,9.59162247730626e-05,0.0022134924610988996,0.0026534990833692817,0.004112135025621617,0.004960505916677709,55,1.9952623149688806,0.9,supplemental_computation
0.707945784384138,6,682,4092,0.004659442863739922,0.0022669327114065592,6.552686737821875e-05,0.0018581644429819563,0.0022327991003365842,0.004163502477241855,0.005022470941196408,55,1.4125375446227542,0.9,supplemental_computation
1.0,6,682,4092,0.004601956719036346,0.0019121121923426124,7.047262488962724e-05,0.0015732478927220433,0.001856471211533905,0.004269323734234694,0.005022470941196408,55,1.0,0.9,supplemental_computation
0.001412537544622754,8,512,4096,0.007846212117430076,0.0968325939077166,0.0012378923411634436,0.09127249851132455,0.09291798219841127,0.006669629353555698,0.009585779830581809,55,707.945784384138,0.9,supplemental_computation
0.001995262314968879,8,512,4096,0.00740190391097501,0.07544171503372993,0.0009981404388139839,0.070939452357586,0.07258719631756799,0.006370544572763057,0.00892898407184988,55,501.18723362727246,0.9,supplemental_computation
0.002818382931264455,8,512,4096,0.007069981896825614,0.0583153547139652,0.0008260885518202157,0.05526169898419737,0.056305122519493794,0.006034176336545162,0.008423361634034766,55,354.8133892335753,0.9,supplemental_computation
0.003981071705534973,8,512,4096,0.0065589581466224175,0.04510506719411093,0.0006893703920369192,0.04241657023344762,0.043544736215011495,0.0057155685270920496,0.007814514551487796,55,251.18864315095794,0.9,supplemental_computation
0.005623413251903491,8,512,4096,0.006424065772465208,0.03474302370597496,0.0005825257151358305,0.03271172352791492,0.03362604060090066,0.005391912479672437,0.007189275756006748,55,177.82794100389228,0.9,supplemental_computation
0.007943282347242814,8,512,4096,0.005812008975874129,0.027059548602429272,0.0005109301561605422,0.02531708502148835,0.026052094265220847,0.005193392102115176,0.006752944191470558,55,125.89254117941674,0.9,supplemental_computation
0.011220184543019636,8,512,4096,0.005551382284589184,0.02126532850493712,0.00046515656129355736,0.020065480232751166,0.020456468742760008,0.004960505916677709,0.006370544572763057,55,89.12509381337455,0.9,supplemental_computation
0.015848931924611134,8,512,4096,0.005150124086862242,0.017159210162645093,0.00046376135033286155,0.01581387515464224,0.01623302321060259,0.004738062997279317,0.006034176336545162,55,63.09573444801933,0.9,supplemental_computation
0.02238721138568339,8,512,4096,0.005150124086862242,0.013876949030295573,0.0004274330672292473,0.012732205395064292,0.013053904180849748,0.004659442863739922,0.005763587041216837,55,44.668359215096324,0.9,supplemental_computation
0.03162277660168379,8,512,4096,0.005150124086862242,0.011466980243213286,0.00041072618717013056,0.010439732274020798,0.01065519103980579,0.004659442863739922,0.0056924784541277145,55,31.622776601683796,0.9,supplemental_computation
0.0446683592150963,8,512,4096,0.005150124086862242,0.009637432176519606,0.00039612001958678653,0.008620460455094004,0.008840762589598372,0.004659442863739922,0.0056924784541277145,55,22.3872113856834,0.9,supplemental_computation
0.0630957344480193,8,512,4096,0.005150124086862242,0.008169821742653282,0.000376617936319899,0.0072706020717702,0.0073619498400574294,0.004659442863739922,0.0056924784541277145,55,15.84893192461114,0.9,supplemental_computation
0.08912509381337455,8,512,4096,0.005150124086862242,0.007008698910872526,0.00036581181159080044,0.0061152148702160215,0.006165229535382964,0.004738062997279317,0.0056924784541277145,55,11.220184543019634,0.9,supplemental_computation
0.12589254117941676,8,512,4096,0.005150124086862242,0.006046216474907663,0.0003591042410298136,0.005305793234681547,0.005179145986169153,0.004960505916677709,0.0056924784541277145,55,7.943282347242813,0.9,supplemental_computation
0.1778279410038923,8,512,4096,0.005346990519838528,0.0051697658122526495,0.0003069681506218156,0.004496003402592519,0.004352091387569573,0.004960505916677709,0.005763587041216837,55,5.62341325190349,0.9,supplemental_computation
0.25118864315095796,8,512,4096,0.005346990519838528,0.00447955793285539,0.00031133406305903155,0.0038237531550355266,0.0036732745134100972,0.004960505916677709,0.005763587041216837,55,3.981071705534973,0.9,supplemental_computation
0.3548133892335753,8,512,4096,0.005346990519838528,0.003905096636434648,0.00030937153394138884,0.003223237800867759,0.003131030697038891,0.005150124086862242,0.005763587041216837,55,2.818382931264455,0.9,supplemental_computation
0.501187233627272,8,512,4096,0.005551382284589184,0.003329665993713454,0.00026003908703925676,0.002798072274797109,0.002650317687129556,0.005150124086862242,0.0059100766923754575,55,1.9952623149688806,0.9,supplemental_computation
0.707945784384138,8,512,4096,0.005551382284589184,0.0028914489094382058,0.00026106848479005515,0.002416796544735597,0.0022357558875552718,0.005150124086862242,0.005983903445795743,55,1.4125375446227542,0.9,supplemental_computation
0.001,12,341,4092,0.010161177822128815,0.11871251472810576,0.0013361955628592942,0.11101058250004107,0.11892905104054317,0.008423361634034766,0.012569063412039429,55,1000.0,0.9,supplemental_computation
0.001412537544622754,12,341,4092,0.010161177822128815,0.09359688263370262,0.0011568784971287696,0.08845010260269057,0.09330376631017068,0.008423361634034766,0.011806221744887116,55,707.945784384138,0.9,supplemental_computation
0.001995262314968879,12,341,4092,0.00970552227060911,0.07327578824063902,0.0009576704418150564,0.06963732715138217,0.07293816143204157,0.008045634606893545,0.011276797836094286,55,501.18723362727246,0.9,supplemental_computation
0.002818382931264455,12,341,4092,0.009003999627300193,0.05715680601567075,0.000762451615279634,0.05471250626546256,0.056666608702155515,0.0076848459130724155,0.01046170218173743,55,354.8133892335753,0.9,supplemental_computation
0.003981071705534973,12,341,4092,0.008494129276428512,0.04458120843029564,0.0006294798977246335,0.042910949124865254,0.04409812057347161,0.00740190391097501,0.009992570279816265,55,251.18864315095794,0.9,supplemental_computation
0.005623413251903491,12,341,4092,0.008181390937790045,0.03505736480401579,0.0004875387667286441,0.03362368927387208,0.034377554752159735,0.00712937931704121,0.0092702995847734,55,177.82794100389228,0.9,supplemental_computation
0.007943282347242814,12,341,4092,0.0076848459130724155,0.027879312428963646,0.00043378578015141196,0.026825705820485914,0.02720917941267287,0.00680967806571334,0.00892898407184988,55,125.89254117941674,0.9,supplemental_computation
0.011220184543019636,12,341,4092,0.007340235990466873,0.02256244813290223,0.0004014020803163022,0.02115880148133777,0.021775250998931357,0.00680967806571334,0.008528583524493153,55,89.12509381337455,0.9,supplemental_computation
0.015848931924611134,12,341,4092,0.007340235990466873,0.018460281126506172,0.0003505947787107978,0.017175667528642965,0.01779431863726641,0.0065589581466224175,0.008423361634034766,55,63.09573444801933,0.9,supplemental_computation
0.02238721138568339,12,341,4092,0.007340235990466873,0.01537421582075948,0.00029976984197641244,0.014079193165259862,0.014773804797857336,0.0065589581466224175,0.008214576643318058,55,44.668359215096324,0.9,supplemental_computation
0.03,12,341,4092,0.007249675406155366,0.013314885967385691,0.00024997917133140707,0.011969252460487221,0.012845558400976976,0.0065589581466224175,0.008423361634034766,55,33.333333333333336,0.9,supplemental_computation
0.03162277660168379,12,341,4092,0.007249675406155366,0.01297391062759195,0.00024456846969477387,0.011543268648701581,0.012516202735308582,0.0065589581466224175,0.008423361634034766,55,31.622776601683796,0.9,supplemental_computation
0.0446683592150963,12,341,4092,0.007526798386762084,0.010934887536148912,0.00018838096213518918,0.009517753750527675,0.010564157135397571,0.00680967806571334,0.008423361634034766,55,22.3872113856834,0.9,supplemental_computation
0.0630957344480193,12,341,4092,0.007526798386762084,0.009307351639133835,0.0001890759216107433,0.007902243534234743,0.009088676939225453,0.00680967806571334,0.008423361634034766,55,15.84893192461114,0.9,supplemental_computation
0.08912509381337455,12,341,4092,0.007620820701102026,0.00795292265179309,0.00019264771555301544,0.006523063288689508,0.007844261542005694,0.007069981896825614,0.008528583524493153,55,11.220184543019634,0.9,supplemental_computation
0.12589254117941676,12,341,4092,0.0076848459130724155,0.006814743933353355,0.0001804673314985962,0.005457082296114204,0.006742764333327649,0.00712937931704121,0.008818822216576433,55,7.943282347242813,0.9,supplemental_computation
0.1778279410038923,12,341,4092,0.008181390937790045,0.005813160251159136,0.0001313928722984315,0.004590472738620099,0.005755924588657917,0.00740190391097501,0.00892898407184988,55,5.62341325190349,0.9,supplemental_computation
0.25118864315095796,12,341,4092,0.008181390937790045,0.004964860484943963,0.000125297593359522,0.0038034857287760336,0.0048652438713231655,0.00740190391097501,0.00892898407184988,55,3.981071705534973,0.9,supplemental_computation
0.3548133892335753,12,341,4092,0.008283590209108864,0.004256155977329686,0.00010844791724940477,0.00328364169721315,0.004160498942016909,0.0076848459130724155,0.0092702995847734,55,2.818382931264455,0.9,supplemental_computation
0.501187233627272,12,341,4092,0.008283590209108864,0.0036571758447029395,0.00010548547236216709,0.0027981521613816124,0.003526114064314276,0.0076848459130724155,0.0092702995847734,55,1.9952623149688806,0.9,supplemental_computation
0.707945784384138,12,341,4092,0.008494129276428512,0.0031206646048166074,9.53098425608831e-05,0.002361791792196267,0.0029963924823697466,0.007978603534706868,0.0092702995847734,55,1.4125375446227542,0.9,supplemental_computation
1.0,12,341,4092,0.008672488792828031,0.0026527813101482386,7.939606510758016e-05,0.0019670779302831632,0.0025140513241361925,0.008181390937790045,0.00950591725526194,55,1.0,0.9,supplemental_computation
0.001412537544622754,16,256,4096,0.011758526310875539,0.09676956659879013,0.0010277748727510322,0.10007388635596502,0.09274089284807313,0.009624662078005634,0.013832836389075624,55,707.945784384138,0.9,supplemental_computation
0.001995262314968879,16,256,4096,0.011044877766016563,0.07617660654681714,0.0008339282649938615,0.07854169840719515,0.07310207330039026,0.00950591725526194,0.013159156697224306,55,501.18723362727246,0.9,supplemental_computation
0.002818382931264455,16,256,4096,0.010374541982647761,0.059862026460224815,0.000729747647206261,0.06088203718741702,0.05738119570139299,0.009155926729700344,0.012464346029501368,55,354.8133892335753,0.9,supplemental_computation
0.003981071705534973,16,256,4096,0.009787061798309744,0.04719527583748327,0.000672383117359783,0.04831275400147388,0.04539884596114867,0.008672488792828031,0.011806221744887116,55,251.18864315095794,0.9,supplemental_computation
0.005623413251903491,16,256,4096,0.009787061798309744,0.03724605593961381,0.0006102399351970341,0.038389027208415756,0.03606443676749826,0.008528583524493153,0.011231241198359101,55,177.82794100389228,0.9,supplemental_computation
0.007943282347242814,16,256,4096,0.009426720043746487,0.029975269219036288,0.0005580905113062821,0.03077536078753582,0.028982272591036126,0.008423361634034766,0.01081772739383415,55,125.89254117941674,0.9,supplemental_computation
0.011220184543019636,16,256,4096,0.009426720043746487,0.02447331419562409,0.0005151368313285345,0.025244828967544538,0.023705129202279934,0.008214576643318058,0.010549594644508525,55,89.12509381337455,0.9,supplemental_computation
0.015848931924611134,16,256,4096,0.00919306538871301,0.02039385897046382,0.0004976226312770438,0.021096177025834047,0.01989098737513826,0.008113228830842176,0.010549594644508525,55,63.09573444801933,0.9,supplemental_computation
0.02238721138568339,16,256,4096,0.009079645414982329,0.017205335313422172,0.00048343926025805155,0.01772595032205363,0.01688654718343395,0.008214576643318058,0.010549594644508525,55,44.668359215096324,0.9,supplemental_computation
0.03162277660168379,16,256,4096,0.009787061798309744,0.014497986813106779,0.00035564178748423566,0.015096120141214087,0.014466700844018344,0.008423361634034766,0.010952858921636938,55,31.622776601683796,0.9,supplemental_computation
0.0446683592150963,16,256,4096,0.009426720043746487,0.012394243802930272,0.0003690634614763457,0.012865579065293785,0.012278369685366958,0.008672488792828031,0.01081772739383415,55,22.3872113856834,0.9,supplemental_computation
0.0630957344480193,16,256,4096,0.009787061798309744,0.010454633863019333,0.0002880790834712402,0.011044964860730557,0.01059640869604476,0.008745349440657121,0.011371538205946937,55,15.84893192461114,0.9,supplemental_computation
0.08912509381337455,16,256,4096,0.009869286368442145,0.008925059278326451,0.0002492120210074437,0.009567455741890794,0.008978892963058926,0.009155926729700344,0.011467074523178493,55,11.220184543019634,0.9,supplemental_computation
0.12589254117941676,16,256,4096,0.01024654547338935,0.007554717608688273,0.00018151375312889796,0.008140425743983819,0.007697854466046339,0.0092702995847734,0.011758526310875539,55,7.943282347242813,0.9,supplemental_computation
0.1778279410038923,16,256,4096,0.010638225522967433,0.006471216122868907,0.00015317338774804766,0.0070370184081924225,0.006597706233399321,0.00950591725526194,0.011905409992378184,55,5.62341325190349,0.9,supplemental_computation
0.25118864315095796,16,256,4096,0.010638225522967433,0.00550707471245568,0.00013788960126620299,0.005910926469086698,0.005603753665348356,0.009869286368442145,0.011905409992378184,55,3.981071705534973,0.9,supplemental_computation
0.3548133892335753,16,256,4096,0.011467074523178493,0.00478150147074598,0.0001043103727954263,0.004983641006995114,0.004824935640526181,0.01024654547338935,0.012208002691024318,55,2.818382931264455,0.9,supplemental_computation
0.501187233627272,16,256,4096,0.011467074523178493,0.004082454734595788,0.00010604924452210704,0.00436944400868832,0.004192696167894641,0.01024654547338935,0.01267466056237109,55,1.9952623149688806,0.9,supplemental_computation
0.707945784384138,16,256,4096,0.011044877766016563,0.0034594238118595276,0.00014095311001931793,0.0037005513504798707,0.0035758275669947443,0.01072760102080563,0.012464346029501368,55,1.4125375446227542,0.9,supplemental_computation
0.001,24,170,4080,0.015289558421545061,0.11826750870020432,0.002307386771667583,0.10434992467950585,0.11989978980692677,0.01267466056237109,0.018443933514074896,55,1000.0,0.9,supplemental_computation
0.001412537544622754,24,170,4080,0.015162175617784785,0.09339499969662045,0.001917924091671586,0.08228873376265586,0.09528059973991995,0.012569063412039429,0.01791411043063281,55,707.945784384138,0.9,supplemental_computation
0.001995262314968879,24,170,4080,0.014603931981676106,0.07372759096546105,0.0015537684784513053,0.06427577210366366,0.07580625686263136,0.012257521310226144,0.01696823560625323,55,501.18723362727246,0.9,supplemental_computation
0.002818382931264455,24,170,4080,0.014066241857484953,0.05863258404414082,0.0012037713059267474,0.05047513236035645,0.060435011411773966,0.012106293435058866,0.016343496137329473,55,354.8133892335753,0.9,supplemental_computation
0.003981071705534973,24,170,4080,0.013548348502411562,0.046904739615741646,0.0009986551874323591,0.04062151241319067,0.048587852777781285,0.011806221744887116,0.015547543584152121,55,251.18864315095794,0.9,supplemental_computation
0.005623413251903491,24,170,4080,0.013269711430098377,0.038328093983891774,0.0007804606170655547,0.033037167736927296,0.03987725348729983,0.011563413474824528,0.015035854085922996,55,177.82794100389228,0.9,supplemental_computation
0.007943282347242814,24,170,4080,0.012940802771285445,0.0318424330875272,0.0006343432718120019,0.027369024489071542,0.033221261186863096,0.011563413474824528,0.015035854085922996,55,125.89254117941674,0.9,supplemental_computation
0.011220184543019636,24,170,4080,0.013269711430098377,0.02687295800940259,0.0004914856910565314,0.02351126202622491,0.02810001113302247,0.011563413474824528,0.014850348370110584,55,89.12509381337455,0.9,supplemental_computation
0.015848931924611134,24,170,4080,0.012940802771285445,0.023106377157427308,0.0004263722175579916,0.020067470026247963,0.024094665583623737,0.011563413474824528,0.015035854085922996,55,63.09573444801933,0.9,supplemental_computation
0.02238721138568339,24,170,4080,0.013776953724033033,0.019763476836928823,0.00027941238260814323,0.0174842019079539,0.020648189554207788,0.012005431555442383,0.015418011413324767,55,44.668359215096324,0.9,supplemental_computation
0.03,24,170,4080,0.014066241857484953,0.017382394436630238,0.0002041929140911878,0.015596804095757161,0.018205398361232666,0.012464346029501368,0.015610608191013115,55,33.333333333333336,0.9,supplemental_computation
0.03162277660168379,24,170,4080,0.013776953724033033,0.017040070857172965,0.0002153072564477064,0.015148782354839406,0.01779503119680962,0.012464346029501368,0.015610608191013115,55,31.622776601683796,0.9,supplemental_computation
0.0446683592150963,24,170,4080,0.014066241857484953,0.014687000491070256,0.00018112778047869006,0.013030666285431524,0.015276188512068987,0.01272607205905776,0.01587401051968198,55,22.3872113856834,0.9,supplemental_computation
0.0630957344480193,24,170,4080,0.014603931981676106,0.012627238698731858,0.000167133291061719,0.011083002703010908,0.013100863431849233,0.013049523035545027,0.016343496137329473,55,15.84893192461114,0.9,supplemental_computation
0.08912509381337455,24,170,4080,0.015162175617784785,0.01086240062602873,0.00013069454551153397,0.00936722894729417,0.01122075535086055,0.013548348502411562,0.016343496137329473,55,11.220184543019634,0.9,supplemental_computation
0.12589254117941676,24,170,4080,0.014975111402797179,0.009347191368494571,0.0001313449531099655,0.007866143843127171,0.009653055018887665,0.014066241857484953,0.01696823560625323,55,7.943282347242813,0.9,supplemental_computation
0.1778279410038923,24,170,4080,0.015547543584152121,0.008023193389230309,0.0001422727320621059,0.0068426187360950365,0.008227769008090528,0.014066241857484953,0.017399507121190278,55,5.62341325190349,0.9,supplemental_computation
0.25118864315095796,24,170,4080,0.01574175843553625,0.006906432456843544,0.00013323952993386226,0.005809910685498985,0.007114322393476391,0.014603931981676106,0.01829027047825561,55,3.981071705534973,0.9,supplemental_computation
0.3548133892335753,24,170,4080,0.01587401051968198,0.00592350389450625,0.00012126067009233599,0.004925562622294343,0.006021866494102959,0.014975111402797179,0.01829027047825561,55,2.818382931264455,0.9,supplemental_computation
0.501187233627272,24,170,4080,0.016343496137329473,0.005069284233689802,0.00011848707690903613,0.004375476906285579,0.005193638754939265,0.014975111402797179,0.018989426507604688,55,1.9952623149688806,0.9,supplemental_computation
0.707945784384138,24,170,4080,0.017399507121190278,0.004383146958467862,0.00011544638301437414,0.00367338267192316,0.004489773768556294,0.015547543584152121,0.019472069425098264,55,1.4125375446227542,0.9,supplemental_computation
1.0,24,170,4080,0.017545686538776317,0.0037235639583907973,0.00010823810341367742,0.0030755436212294637,0.003770735357812008,0.01648080363288283,0.0203862455287369,55,1.0,0.9,supplemental_computation
0.001412537544622754,32,128,4096,0.017254545576845026,0.09567491430745313,0.0016032735214109594,0.09513410691057357,0.09832318558692675,0.014850348370110584,0.020814315407988438,55,707.945784384138,0.9,supplemental_computation
0.001995262314968879,32,128,4096,0.016619264697304056,0.07615764118945532,0.0013041167981377125,0.07564843714488051,0.07803576318641764,0.014482261378087603,0.02004797029964929,55,501.18723362727246,0.9,supplemental_computation
0.002818382931264455,32,128,4096,0.01689968638033331,0.06082688899823319,0.0011367335591283736,0.06243071935211128,0.06223576833461871,0.014361604456006035,0.019148963400680973,55,354.8133892335753,0.9,supplemental_computation
0.003981071705534973,32,128,4096,0.01648080363288283,0.049315191469176664,0.0010067518041956595,0.05223528925182577,0.05029226416071748,0.014184417333837756,0.018912711961792995,55,251.18864315095794,0.9,supplemental_computation
0.005623413251903491,32,128,4096,0.01587401051968198,0.040806368810578975,0.0009128697728886325,0.04397197438631836,0.04114867717193037,0.014361604456006035,0.018443933514074896,55,177.82794100389228,0.9,supplemental_computation
0.007943282347242814,32,128,4096,0.01587401051968198,0.03434099055628072,0.000829669792039317,0.036805235702444164,0.034409087337187276,0.014482261378087603,0.01791411043063281,55,125.89254117941674,0.9,supplemental_computation
0.011220184543019636,32,128,4096,0.016619264697304056,0.029341755091331325,0.0006959768996561777,0.031266780505128794,0.029430799921770393,0.014850348370110584,0.018598887527444596,55,89.12509381337455,0.9,supplemental_computation
0.015848931924611134,32,128,4096,0.017254545576845026,0.025354694315013956,0.0006230336074170423,0.026388943235767015,0.025005654150491836,0.015035854085922996,0.019071604348818137,55,63.09573444801933,0.9,supplemental_computation
0.02238721138568339,32,128,4096,0.017254545576845026,0.021767076182072943,0.0006052606279981335,0.022092596035442936,0.02151271492322558,0.015418011413324767,0.01930984061966144,55,44.668359215096324,0.9,supplemental_computation
0.03162277660168379,32,128,4096,0.017254545576845026,0.018765302756848172,0.0005461973452089182,0.01868283667397877,0.0185345136254468,0.01587401051968198,0.01930984061966144,55,31.622776601683796,0.9,supplemental_computation
0.0446683592150963,32,128,4096,0.018064613212756542,0.016162941253885347,0.0004571332338344657,0.015178317033052936,0.01596992549467741,0.01587401051968198,0.019472069425098264,55,22.3872113856834,0.9,supplemental_computation
0.0630957344480193,32,128,4096,0.01829027047825561,0.013891573570537706,0.0004291659486539425,0.013001459894872051,0.013752359510699941,0.016343496137329473,0.02021640039377619,55,15.84893192461114,0.9,supplemental_computation
0.08912509381337455,32,128,4096,0.0187551433643239,0.011852582037036902,0.0003841005431424724,0.01102580346475886,0.011835272695422106,0.016758889022133377,0.020989183838605367,55,11.220184543019634,0.9,supplemental_computation
0.12589254117941676,32,128,4096,0.0187551433643239,0.010210930394137036,0.0003613722102024052,0.009459726613564017,0.010133745653883109,0.017399507121190278,0.02262450017988006,55,7.943282347242813,0.9,supplemental_computation
0.1778279410038923,32,128,4096,0.02021640039377619,0.008705982629202866,0.00025832487443633003,0.008106355599906587,0.008602120083075768,0.01791411043063281,0.02234536910579655,55,5.62341325190349,0.9,supplemental_computation
0.25118864315095796,32,128,4096,0.020640903869085837,0.007460189388554303,0.00020189267164644483,0.007005437570441458,0.007317275363452826,0.018443933514074896,0.021974585537892624,55,3.981071705534973,0.9,supplemental_computation
0.3548133892335753,32,128,4096,0.0203862455287369,0.0064470812847580335,0.0002378462750973695,0.005830404681654239,0.0062601519289871635,0.018912711961792995,0.021974585537892624,55,2.818382931264455,0.9,supplemental_computation
0.501187233627272,32,128,4096,0.0211655214007997,0.005559329895315302,0.00018775547340419094,0.0049135076771560995,0.005447380836983116,0.019635661172147763,0.021974585537892624,55,1.9952623149688806,0.9,supplemental_computation
0.707945784384138,32,128,4096,0.021974585537892624,0.00481267567335359,0.00014232602246291173,0.004414065803103528,0.0046444365730818485,0.02021640039377619,0.02281457661344997,55,1.4125375446227542,0.9,supplemental_computation
0.001,48,85,4080,0.02428870695211779,0.11955222602257802,0.0013953833527446226,0.1260731296901174,0.12667479821315578,0.02021640039377619,0.028573453891079594,55,1000.0,0.9,supplemental_computation
0.001412537544622754,48,85,4080,0.02428870695211779,0.09605029673730069,0.0011414570705328313,0.0969737778968734,0.10139938812483004,0.02021640039377619,0.027521431463794818,55,707.945784384138,0.9,supplemental_computation
0.001995262314968879,48,85,4080,0.02281457661344997,0.07687455155602389,0.0008750374799084995,0.07598191755541707,0.0822732314184983,0.019880943457142544,0.026508142582399485,55,501.18723362727246,0.9,supplemental_computation
0.002818382931264455,48,85,4080,0.02368667682734803,0.06361966269663065,0.0006576853389678918,0.059935061694751,0.06834452404088703,0.019635661172147763,0.026508142582399485,55,354.8133892335753,0.9,supplemental_computation
0.003981071705534973,48,85,4080,0.02281457661344997,0.05287158666354289,0.000543999940150044,0.04771092863123333,0.05719165507781171,0.02021640039377619,0.026508142582399485,55,251.18864315095794,0.9,supplemental_computation
0.005623413251903491,48,85,4080,0.02368667682734803,0.04542272181225803,0.0003396976600726956,0.039446756523718665,0.04870636666806677,0.0203862455287369,0.026508142582399485,55,177.82794100389228,0.9,supplemental_computation
0.007943282347242814,48,85,4080,0.02428870695211779,0.03938790194587643,0.00034194416751596546,0.03400350902888038,0.04168072381770279,0.0211655214007997,0.027521431463794818,55,125.89254117941674,0.9,supplemental_computation
0.011220184543019636,48,85,4080,0.02521715663966367,0.034415245294727816,0.00031289410789545643,0.029522128376714137,0.03573093249072872,0.021974585537892624,0.028573453891079594,55,89.12509381337455,0.9,supplemental_computation
0.015848931924611134,48,85,4080,0.02618109684648682,0.02998230515088235,0.0003639198112322658,0.026134320908619273,0.03057496855995664,0.02281457661344997,0.029299688311236357,55,63.09573444801933,0.9,supplemental_computation
0.02238721138568339,48,85,4080,0.026508142582399485,0.02593052186360566,0.0003968576526856334,0.023546668687391283,0.026305398085957832,0.02368667682734803,0.029299688311236357,55,44.668359215096324,0.9,supplemental_computation
0.03,48,85,4080,0.026508142582399485,0.02274947285593292,0.00045932370053416326,0.02155259369048565,0.023341131128550092,0.02368667682734803,0.029665690476155047,55,33.333333333333336,0.9,supplemental_computation
0.03162277660168379,48,85,4080,0.026508142582399485,0.02225856956089937,0.00046229037614388716,0.021100724252714947,0.02293150127741373,0.02368667682734803,0.029665690476155047,55,31.622776601683796,0.9,supplemental_computation
0.0446683592150963,48,85,4080,0.027752648750266753,0.019405204003379986,0.00047846299630263596,0.01811991617638301,0.020019470486996222,0.024798720619789598,0.02991492244151399,55,22.3872113856834,0.9,supplemental_computation
0.0630957344480193,48,85,4080,0.027752648750266753,0.01671856795622614,0.0005051409000523192,0.01598752762560041,0.017753129000225902,0.024798720619789598,0.032245663926878165,55,15.84893192461114,0.9,supplemental_computation
0.08912509381337455,48,85,4080,0.02991492244151399,0.014642462188933846,0.0004010029838608863,0.014243085760846355,0.015541959298157389,0.025746665870904486,0.0330652327173287,55,11.220184543019634,0.9,supplemental_computation
0.12589254117941676,48,85,4080,0.03251657116233454,0.013079110622373014,0.0002727787933784631,0.012264924586856475,0.013701931673943053,0.02628729372388266,0.03375953565588493,55,7.943282347242813,0.9,supplemental_computation
0.1778279410038923,48,85,4080,0.03251657116233454,0.011095328487041593,0.0002427460455774745,0.010403689303658965,0.011946281209804042,0.02729214053159786,0.035940858437932065,55,5.62341325190349,0.9,supplemental_computation
0.25118864315095796,48,85,4080,0.03334302544026615,0.009575700313344416,0.00015509889794521598,0.00886581045870373,0.010107902011553562,0.029055582082430628,0.03731471826721866,55,3.981071705534973,0.9,supplemental_computation
0.3548133892335753,48,85,4080,0.035050013176701145,0.008609894443202011,6.766266921561198e-05,0.007634176116866055,0.00882790507305554,0.030166248292825344,0.03778084157624702,55,2.818382931264455,0.9,supplemental_computation
0.501187233627272,48,85,4080,0.03778084157624702,0.007718929517791882,7.762977984087747e-05,0.0067372629456952,0.00767550794570717,0.030932965817446485,0.03922503581128135,55,1.9952623149688806,0.9,supplemental_computation
0.707945784384138,48,85,4080,0.03809825179821813,0.006692393782934851,8.947337451447738e-05,0.005686927249810712,0.00674804586420889,0.03278975438535902,0.039066572320796016,55,1.4125375446227542,0.9,supplemental_computation
1.0,48,85,4080,0.03490841617584029,0.00541201325302036,0.0001265490746129767,0.004819485953026037,0.00583078258008291,0.03490841617584029,0.039066572320796016,55,1.0,0.9,supplemental_computation
0.001412537544622754,64,64,4096,0.027985808574997786,0.10116013704432149,0.0021512659697409515,0.08686345256730989,0.10297149555061103,0.0240863490091367,0.03334302544026615,55,707.945784384138,0.9,supplemental_computation
0.001995262314968879,64,64,4096,0.027985808574997786,0.08331830078934815,0.001710899702209173,0.07213274165680054,0.08483985866497026,0.0240863490091367,0.03251657116233454,55,501.18723362727246,0.9,supplemental_computation
0.002818382931264455,64,64,4096,0.027985808574997786,0.069332370321928,0.0013789558353805834,0.06095782801194902,0.07107673329418428,0.0240863490091367,0.03251657116233454,55,354.8133892335753,0.9,supplemental_computation
0.003981071705534973,64,64,4096,0.027985808574997786,0.059118619189220824,0.001037563820925166,0.052723486857023605,0.06098684842677127,0.02438722783722134,0.032115396092746565,55,251.18864315095794,0.9,supplemental_computation
0.005623413251903491,64,64,4096,0.029055582082430628,0.05165030250488151,0.000856276861267938,0.04595866680716214,0.05361441998745113,0.025007063448803653,0.03278975438535902,55,177.82794100389228,0.9,supplemental_computation
0.007943282347242814,64,64,4096,0.029055582082430628,0.04526862540441517,0.0006821957445953236,0.038828624401347475,0.04745358073484228,0.025746665870904486,0.03461758162034103,55,125.89254117941674,0.9,supplemental_computation
0.011220184543019636,64,64,4096,0.03131937035309471,0.04003753213743385,0.0005620651043866511,0.03342349556893085,0.041429078860635814,0.026955422175830697,0.03700383594456727,55,89.12509381337455,0.9,supplemental_computation
0.015848931924611134,64,64,4096,0.03278975438535902,0.034991281282881856,0.0004925903146769914,0.028910002225766153,0.035914570485122324,0.028573453891079594,0.03809825179821813,55,63.09573444801933,0.9,supplemental_computation
0.02238721138568339,64,64,4096,0.03278975438535902,0.03052191455428235,0.00042170852433901824,0.025092789041077604,0.031249642452478712,0.030419685621566092,0.03809825179821813,55,44.668359215096324,0.9,supplemental_computation
0.03162277660168379,64,64,4096,0.03404316146354596,0.02673084458572787,0.00046774714195575674,0.02197543675628369,0.02742846835443418,0.031582495468391814,0.03955457922016909,55,31.622776601683796,0.9,supplemental_computation
0.0446683592150963,64,64,4096,0.03404316146354596,0.023323526637214386,0.0005354775579773542,0.02037018544326713,0.023939449786567726,0.03278975438535902,0.041066575589114224,55,22.3872113856834,0.9,supplemental_computation
0.0630957344480193,64,64,4096,0.03700383594456727,0.020075111198895275,0.0005754894655633237,0.018521703735678335,0.021086475614885913,0.03278975438535902,0.04055991434745212,55,15.84893192461114,0.9,supplemental_computation
0.08912509381337455,64,64,4096,0.03624281031032733,0.01760616408171172,0.0005077268098789181,0.016429069776375628,0.01855446001964027,0.03404316146354596,0.041066575589114224,55,11.220184543019634,0.9,supplemental_computation
0.12589254117941676,64,64,4096,0.04211034022549566,0.015928289188405602,0.00033810001020771784,0.01492985297615154,0.016404509862109434,0.03404316146354596,0.047126361837384396,55,7.943282347242813,0.9,supplemental_computation
0.1778279410038923,64,64,4096,0.04299457210773013,0.013857655103180877,0.00020634478423107693,0.01289225967739003,0.013874215142718775,0.03988689123987119,0.0463443796512023,55,5.62341325190349,0.9,supplemental_computation
0.25118864315095796,64,64,4096,0.04299457210773013,0.012225916329644601,0.00019347750681765854,0.011793989546558036,0.012010849244573527,0.04090067254337987,0.044638064168393755,55,3.981071705534973,0.9,supplemental_computation
0.3548133892335753,64,64,4096,0.04299457210773013,0.010835034774145007,0.00013293822907562702,0.010675185324417635,0.010869088457785118,0.03988689123987119,0.04792153863624903,55,2.818382931264455,0.9,supplemental_computation
0.501187233627272,64,64,4096,0.042464124097971845,0.009585729229290449,0.00016091094280954552,0.00924631534780561,0.009548618602011557,0.04090067254337987,0.04811592001732767,55,1.9952623149688806,0.9,supplemental_computation
0.707945784384138,64,64,4096,0.04445773282362046,0.00859041549318438,0.00010621819406502408,0.008167338700589829,0.008686488317661493,0.040221995130467036,0.0503748696607452,55,1.4125375446227542,0.9,supplemental_computation
0.001,96,42,4032,0.03939478442181472,0.12898886181018315,0.0022518779842953703,0.12372716807527334,0.13026823810548385,0.0330652327173287,0.045772603197935934,55,1000.0,0.9,supplemental_computation
0.001412537544622754,96,42,4032,0.03988689123987119,0.10545001543940517,0.0017823960916790937,0.10191547215320815,0.10789692780166624,0.033478272836715964,0.045772603197935934,55,707.945784384138,0.9,supplemental_computation
0.001995262314968879,96,42,4032,0.03841832869580601,0.08769277913875761,0.0015514405760573412,0.0849249365350092,0.09016048783590569,0.033478272836715964,0.044638064168393755,55,501.18723362727246,0.9,supplemental_computation
0.002818382931264455,96,42,4032,0.03939478442181472,0.07534455921119033,0.0012777404806501805,0.07105078188982375,0.07684342479855963,0.0343291701120017,0.044638064168393755,55,354.8133892335753,0.9,supplemental_computation
0.003981071705534973,96,42,4032,0.03988689123987119,0.06655919591985487,0.0012178848250029228,0.061520512290896584,0.06790446767249435,0.0343291701120017,0.044638064168393755,55,251.18864315095794,0.9,supplemental_computation
0.005623413251903491,96,42,4032,0.03988689123987119,0.05977972229460537,0.001126187644173298,0.05366719847871848,0.060596498898851395,0.03564142223505753,0.044638064168393755,55,177.82794100389228,0.9,supplemental_computation
0.007943282347242814,96,42,4032,0.03988689123987119,0.053957880694391974,0.0010844863241081032,0.0481343425009902,0.055103689109092184,0.03700383594456727,0.0463443796512023,55,125.89254117941674,0.9,supplemental_computation
0.011220184543019636,96,42,4032,0.042464124097971845,0.04854683242035109,0.0009503822263440618,0.0447293198936518,0.049020820826653454,0.03841832869580601,0.04752228708275796,55,89.12509381337455,0.9,supplemental_computation
0.015848931924611134,96,42,4032,0.04445773282362046,0.04328660357500931,0.0008336436621970682,0.04026183573780735,0.04401984519825523,0.038741094672696305,0.049753366804840105,55,63.09573444801933,0.9,supplemental_computation
0.02238721138568339,96,42,4032,0.04445773282362046,0.03845818467215244,0.0009868834579522807,0.03364698488567612,0.03972490073681288,0.040221995130467036,0.053629767830960004,55,44.668359215096324,0.9,supplemental_computation
0.03,96,42,4032,0.04335578472520787,0.035336554011654524,0.0009484003131822719,0.030596729637220817,0.036593122299388936,0.040221995130467036,0.05637533020229623,55,33.333333333333336,0.9,supplemental_computation
0.03162277660168379,96,42,4032,0.04335578472520787,0.034734329424427654,0.0009783891605585026,0.03013364525924367,0.03600233868799767,0.040221995130467036,0.0542996934261305,55,31.622776601683796,0.9,supplemental_computation
0.0446683592150963,96,42,4032,0.04792153863624903,0.03077462165693006,0.000740919343292316,0.026609888707286547,0.03271641239083941,0.04335578472520787,0.05637533020229623,55,22.3872113856834,0.9,supplemental_computation
0.0630957344480193,96,42,4032,0.056848959304419154,0.027908067875396358,0.0004704784030560494,0.023973601497263377,0.029553172471581263,0.04426616842023468,0.0709111950524457,55,15.84893192461114,0.9,supplemental_computation
0.08912509381337455,96,42,4032,0.06103063944395287,0.02564187792337077,0.0002743614646469405,0.021327990867133037,0.025641909008216435,0.0503748696607452,0.065785679123846,55,11.220184543019634,0.9,supplemental_computation
0.12589254117941676,96,42,4032,0.060017939311887626,0.022939221700336077,0.00028892576881033987,0.019096385217465858,0.023696764860706116,0.050798086770097145,0.0709111950524457,55,7.943282347242813,0.9,supplemental_computation
0.1778279410038923,96,42,4032,0.05661929770346678,0.020610704243150757,0.000327829318061786,0.017924806789681277,0.02151416965434276,0.05475588436906036,0.06830037425965284,55,5.62341325190349,0.9,supplemental_computation
0.25118864315095796,96,42,4032,0.056848959304419154,0.01889167404425949,0.0003632289538618977,0.017301211163425954,0.020212539236348588,0.05318295896944987,0.06773133930578429,55,3.981071705534973,0.9,supplemental_computation
0.3548133892335753,96,42,4032,0.056848959304419154,0.017636014967981728,0.00035698057606649557,0.01547122035400306,0.019043299640970308,0.05475588436906036,0.07032040841265316,55,2.818382931264455,0.9,supplemental_computation
0.501187233627272,96,42,4032,0.06773133930578429,0.017169067886008717,0.0003337143516087558,0.014365344336114949,0.017796619532440754,0.05614758199464386,0.07032040841265316,55,1.9952623149688806,0.9,supplemental_computation
0.707945784384138,96,42,4032,0.06773133930578429,0.016048522945552864,0.0003036766467477595,0.013813154347742655,0.01715322712812669,0.05661929770346678,0.0709111950524457,55,1.4125375446227542,0.9,supplemental_computation
1.0,96,42,4032,0.06523759499852134,0.01512606171630217,0.0002718070008590715,0.013355638814951332,0.016564374999526284,0.05614758199464386,0.08807075324800383,55,1.0,0.9,supplemental_computation
0.001412537544622754,128,32,4096,0.047126361837384396,0.10867880401331738,0.0026065664447114827,0.10252170791984141,0.10643094803425683,0.04055991434745212,0.05408033049185592,55,707.945784384138,0.9,supplemental_computation
0.001995262314968879,128,32,4096,0.04539125519755519,0.09174513066240404,0.0022282462698393437,0.0840066894481039,0.09186278306317222,0.04055991434745212,0.05408033049185592,55,501.18723362727246,0.9,supplemental_computation
0.002818382931264455,128,32,4096,0.0489277939189419,0.07921554607952189,0.0020001988398593708,0.07155111564425809,0.08025077204281071,0.04175950385355276,0.05408033049185592,55,354.8133892335753,0.9,supplemental_computation
0.003981071705534973,128,32,4096,0.0489277939189419,0.07030128847431576,0.0018441189131779005,0.06407901064566056,0.07183393375343959,0.04211034022549566,0.05408033049185592,55,251.18864315095794,0.9,supplemental_computation
0.005623413251903491,128,32,4096,0.050798086770097145,0.06439209536726001,0.001565044017459093,0.05853068380454361,0.065331751065976,0.04372003201773012,0.05614758199464386,55,177.82794100389228,0.9,supplemental_computation
0.007943282347242814,128,32,4096,0.05208919141678012,0.058792365228237435,0.0014487039289319832,0.05357843762238868,0.058781432240881705,0.04539125519755519,0.056848959304419154,55,125.89254117941674,0.9,supplemental_computation
0.011220184543019636,128,32,4096,0.05318295896944987,0.05374185019911417,0.0012649501867171794,0.04989918602164247,0.05298131216162943,0.0463443796512023,0.060017939311887626,55,89.12509381337455,0.9,supplemental_computation
0.015848931924611134,128,32,4096,0.05318295896944987,0.04839791721325296,0.001091587371530368,0.0436070968026889,0.047942273123725114,0.04852015889120829,0.06231215930108352,55,63.09573444801933,0.9,supplemental_computation
0.02238721138568339,128,32,4096,0.0578081883158684,0.043873107269374184,0.0007463195669368144,0.03834423628837451,0.04363739202366117,0.04852015889120829,0.06389591025577165,55,44.668359215096324,0.9,supplemental_computation
0.03162277660168379,128,32,4096,0.0542996934261305,0.040017242222134736,0.0008989108131135958,0.03421669924729813,0.03964545609574393,0.049753366804840105,0.0646940771589362,55,31.622776601683796,0.9,supplemental_computation
0.0446683592150963,128,32,4096,0.060017939311887626,0.0364705257377375,0.0004451571322513467,0.03092144537866403,0.03671754411161402,0.051655217650806266,0.06716704518653414,55,22.3872113856834,0.9,supplemental_computation
0.0630957344480193,128,32,4096,0.060017939311887626,0.03368997058125963,0.0004821367542485089,0.02937654142592737,0.03468070854097696,0.051655217650806266,0.06887418987756888,55,15.84893192461114,0.9,supplemental_computation
0.08912509381337455,128,32,4096,0.05567979631884834,0.03174660058051746,0.0007043020113435373,0.027043878883269312,0.03249469500287386,0.05230047780814002,0.07240018657179602,55,11.220184543019634,0.9,supplemental_computation
0.12589254117941676,128,32,4096,0.06389591025577165,0.029516358621565156,0.000314124618170725,0.025246363760892277,0.030104708520356148,0.0542996934261305,0.0742403388934102,55,7.943282347242813,0.9,supplemental_computation
0.1778279410038923,128,32,4096,0.0646940771589362,0.02791462912358232,0.0002667047473665705,0.022557565361268746,0.028588349766612724,0.05567979631884834,0.0810242180710483,55,5.62341325190349,0.9,supplemental_computation
0.25118864315095796,128,32,4096,0.06773133930578429,0.02633633413468661,0.0003749793904884163,0.02208022376489845,0.02733115290540515,0.0542996934261305,0.08137485505971234,55,3.981071705534973,0.9,supplemental_computation
0.3548133892335753,128,32,4096,0.06773133930578429,0.025406654584140525,0.0003626915720004796,0.02075394402844273,0.02583777782153225,0.06231215930108352,0.07804105422642235,55,2.818382931264455,0.9,supplemental_computation
0.501187233627272,128,32,4096,0.06773133930578429,0.02450618008509896,0.0003134634878084879,0.020375267023888623,0.025017453587228025,0.060017939311887626,0.0844854553441665,55,1.9952623149688806,0.9,supplemental_computation
0.707945784384138,128,32,4096,0.07240018657179602,0.024099619776820253,0.00039510110848808947,0.01948679477977466,0.02414886259743195,0.06231215930108352,0.0844854553441665,55,1.4125375446227542,0.9,supplemental_computation
0.001,192,21,4032,0.06523759499852134,0.14253558695715512,0.0021325538145566913,0.15254156550728784,0.15639543595547328,0.05475588436906036,0.07772577961677324,55,1000.0,0.9,supplemental_computation
0.001412537544622754,192,21,4032,0.06773133930578429,0.12019485646610886,0.0021544960171543557,0.128375446846788,0.13129129517539082,0.05829385536613919,0.07869670474428792,55,707.945784384138,0.9,supplemental_computation
0.001995262314968879,192,21,4032,0.06773133930578429,0.10377454662865862,0.0018678968692215964,0.10743410402772113,0.11367540341033201,0.05829385536613919,0.07869670474428792,55,501.18723362727246,0.9,supplemental_computation
0.002818382931264455,192,21,4032,0.06773133930578429,0.09226023856277346,0.0017916288709287484,0.09221961089952692,0.10041716072600798,0.05829385536613919,0.07869670474428792,55,354.8133892335753,0.9,supplemental_computation
0.003981071705534973,192,21,4032,0.065785679123846,0.08365966261159599,0.001685739646221668,0.08483165991736369,0.09143745540335531,0.05878360267719315,0.07643605189968015,55,251.18864315095794,0.9,supplemental_computation
0.005623413251903491,192,21,4032,0.06830037425965284,0.07771906115501147,0.0017100954410544287,0.077238628125821,0.08437920581028464,0.060017939311887626,0.07935786361421077,55,177.82794100389228,0.9,supplemental_computation
0.007943282347242814,192,21,4032,0.0709111950524457,0.07267636445359191,0.0013516480496397875,0.07149642397583315,0.079146268450699,0.06179301431721351,0.08625947884529174,55,125.89254117941674,0.9,supplemental_computation
0.011220184543019636,192,21,4032,0.07643605189968015,0.06811584296695167,0.0015727911455509862,0.06727515721654993,0.07264195817112985,0.06773133930578429,0.08698417525715295,55,89.12509381337455,0.9,supplemental_computation
0.015848931924611134,192,21,4032,0.08137485505971234,0.06360128895227184,0.0013604948807888133,0.06389105414644818,0.06668656832713168,0.0709111950524457,0.09220550525053135,55,63.09573444801933,0.9,supplemental_computation
0.02238721138568339,192,21,4032,0.08137485505971234,0.057556993991748885,0.00132632479208032,0.05897126139516037,0.061438468956644746,0.07362181596033258,0.0957301133208017,55,44.668359215096324,0.9,supplemental_computation
0.03,192,21,4032,0.08881066681719212,0.05534777638108086,0.001126241059125109,0.05568614806931115,0.05738899909504457,0.07362181596033258,0.099389451546449,55,33.333333333333336,0.9,supplemental_computation
0.03162277660168379,192,21,4032,0.08771496010006391,0.054443818606526105,0.001132487847940261,0.05547600978348063,0.056417350550106264,0.07643605189968015,0.099389451546449,55,31.622776601683796,0.9,supplemental_computation
0.0446683592150963,192,21,4032,0.0810242180710483,0.05020000241009351,0.0012416773689129992,0.05067295917621754,0.05364121225260529,0.0742403388934102,0.10277180271189984,55,22.3872113856834,0.9,supplemental_computation
0.0630957344480193,192,21,4032,0.08625947884529174,0.04834151606457878,0.0010825420860161872,0.04843439574038991,0.05100709050037698,0.07643605189968015,0.10670031353400725,55,15.84893192461114,0.9,supplemental_computation
0.08912509381337455,192,21,4032,0.08625947884529174,0.0461200377198922,0.0010942217402392486,0.04660352054715754,0.04910009029578662,0.07643605189968015,0.10670031353400725,55,11.220184543019634,0.9,supplemental_computation
0.12589254117941676,192,21,4032,0.0914373080628088,0.045411897503751755,0.0007286169612075301,0.04740717434713919,0.047159829534809815,0.07772577961677324,0.10492980248264387,55,7.943282347242813,0.9,supplemental_computation
0.1778279410038923,192,21,4032,0.08807075324800383,0.04310182649493145,0.0006868209904655469,0.04504022307625223,0.04601073692819505,0.07772577961677324,0.10492980248264387,55,5.62341325190349,0.9,supplemental_computation
0.25118864315095796,192,21,4032,0.09898793248894584,0.04398462752669639,0.000468196972245669,0.044053597524175585,0.0448940904847425,0.07804105422642235,0.11216280904157926,55,3.981071705534973,0.9,supplemental_computation
0.3548133892335753,192,21,4032,0.10022445750610377,0.04344224776224131,0.0004673474189808474,0.042928864882588826,0.04410664823963541,0.08002457711380552,0.11216280904157926,55,2.818382931264455,0.9,supplemental_computation
0.501187233627272,192,21,4032,0.10022445750610377,0.042428137815106626,0.00043145814940565057,0.041657926074537346,0.043423689475602385,0.08002457711380552,0.11216280904157926,55,1.9952623149688806,0.9,supplemental_computation
0.707945784384138,192,21,4032,0.10022445750610377,0.041622244992873064,0.00043266071541717274,0.040598743206353205,0.04273930865956097,0.0810242180710483,0.10985605433061167,55,1.4125375446227542,0.9,supplemental_computation
1.0,192,21,4032,0.09298015633471798,0.04028003941680717,0.000602162043912407,0.04052511425547073,0.04266720057779999,0.08002457711380552,0.10985605433061167,55,1.0,0.9,supplemental_computation
0.001412537544622754,256,16,4096,0.08308356225302166,0.12682218602698292,0.0021135936175632444,0.12960571369358106,0.1256736462668822,0.06973454382858847,0.09298015633471798,55,707.945784384138,0.9,supplemental_computation
0.001995262314968879,256,16,4096,0.08308356225302166,0.10953511030154055,0.0016316172186024483,0.11362632313219141,0.10909472179670579,0.07240018657179602,0.09534337746224555,55,501.18723362727246,0.9,supplemental_computation
0.002818382931264455,256,16,4096,0.0810242180710483,0.09771584526372953,0.001586425884960836,0.10393062070391179,0.09734057018392667,0.07240018657179602,0.09534337746224555,55,354.8133892335753,0.9,supplemental_computation
0.003981071705534973,256,16,4096,0.08308356225302166,0.08986618493702417,0.0014542762600957468,0.09474767391925216,0.08794076391347688,0.0742403388934102,0.09534337746224555,55,251.18864315095794,0.9,supplemental_computation
0.005623413251903491,256,16,4096,0.08625947884529174,0.08433928087722561,0.0013155300490986365,0.08930280791004445,0.0812916801780566,0.07516772503044526,0.09898793248894584,55,177.82794100389228,0.9,supplemental_computation
0.007943282347242814,256,16,4096,0.08625947884529174,0.07951134847760125,0.001142392339200684,0.08258264343435238,0.07632886705654796,0.07643605189968015,0.10022445750610377,55,125.89254117941674,0.9,supplemental_computation
0.011220184543019636,256,16,4096,0.09183300830051554,0.0753341339538663,0.0010419781783987437,0.07832044444192955,0.07198877994299045,0.08002457711380552,0.10405559460366277,55,89.12509381337455,0.9,supplemental_computation
0.015848931924611134,256,16,4096,0.0914373080628088,0.07066685748327575,0.0011483420555551366,0.07425784377682568,0.06721284833242272,0.0817049312042129,0.10492980248264387,55,63.09573444801933,0.9,supplemental_computation
0.02238721138568339,256,16,4096,0.09734539534337848,0.06624378960700274,0.0010405990346820891,0.06817950993914978,0.06254657727102919,0.08482814883770222,0.10985605433061167,55,44.668359215096324,0.9,supplemental_computation
0.03162277660168379,256,16,4096,0.09376131553683788,0.06207957587403817,0.001040170444844388,0.06365616415265658,0.05964268061949742,0.08482814883770222,0.11310512849846457,55,31.622776601683796,0.9,supplemental_computation
0.0446683592150963,256,16,4096,0.10363522500082148,0.060037017065824635,0.0011175658163790044,0.06052890295799268,0.057286227207708096,0.08625947884529174,0.11310512849846457,55,22.3872113856834,0.9,supplemental_computation
0.0630957344480193,256,16,4096,0.09734539534337848,0.05728090978091031,0.0008774752621231822,0.05780647177094842,0.0544386754697746,0.0903091950080252,0.11310512849846457,55,15.84893192461114,0.9,supplemental_computation
0.08912509381337455,256,16,4096,0.10492980248264387,0.056071810102093514,0.000798378501269405,0.05583509426305638,0.052788666963255945,0.0903091950080252,0.11597985402954486,55,11.220184543019634,0.9,supplemental_computation
0.12589254117941676,256,16,4096,0.10492980248264387,0.05459010742998324,0.0009128926168106256,0.05460372698628803,0.05135214895610173,0.0903091950080252,0.11742863659715651,55,7.943282347242813,0.9,supplemental_computation
0.1778279410038923,256,16,4096,0.10492980248264387,0.053264262246226685,0.0009371431045045799,0.054075031055314374,0.05037959313833501,0.0903091950080252,0.11742863659715651,55,5.62341325190349,0.9,supplemental_computation
0.25118864315095796,256,16,4096,0.10492980248264387,0.05241014196864622,0.0009206558137659222,0.05342379704059544,0.0489957072870749,0.0914373080628088,0.11310512849846457,55,3.981071705534973,0.9,supplemental_computation
0.3548133892335753,256,16,4096,0.10492980248264387,0.0517018471206922,0.0008914826451897285,0.052938427766939286,0.04804453242736074,0.09376131553683788,0.11310512849846457,55,2.818382931264455,0.9,supplemental_computation
0.501187233627272,256,16,4096,0.10492980248264387,0.05116405645903029,0.0008973020956771714,0.05284554700225829,0.04763777615337509,0.09376131553683788,0.11310512849846457,55,1.9952623149688806,0.9,supplemental_computation
0.707945784384138,256,16,4096,0.10492980248264387,0.050587760664794736,0.000841292568060374,0.05237142561672178,0.04749733705726003,0.09376131553683788,0.11695424183235253,55,1.4125375446227542,0.9,supplemental_computation
